{
  "train_loss": [
    0.7969829869270325,
    0.6316514766216278,
    0.33466041266918184
  ],
  "train_acc": [
    52.375,
    63.25,
    85.9375
  ],
  "val_loss": [
    0.7876439775739398,
    1.091103962489537,
    1.8273060151508875
  ],
  "val_acc": [
    50.0,
    46.25,
    50.25
  ]
}